{
  "position": {
    "x": 9.995764340135176,
    "y": -4.998543305969462,
    "z": 5.498447431249686
  },
  "orientation": {
    "x": 0.00038842500794756873,
    "y": 0,
    "z": 0,
    "w": 0.9999999245630038
  },
  "dockingBoxSize": 0.1,
  "dockingAngleThreshold": 3
}