{
  "position": {
    "x": 10.0014122619769,
    "y": -5.4502709775197475,
    "z": 5.5
  },
  "orientation": {
    "x": -0.7071067811865475,
    "y": 0,
    "z": 0,
    "w": 0.7071067811865476
  },
  "dockingBoxSize": 0.1,
  "dockingAngleThreshold": 3
}